title,salary,city,raw_text
数据质检（数据标注、数据采集、分析、智驾,14-26K,南京,"数据质检（数据标注、数据采集、分析、智驾
-K
3-5年
大专
某大型汽车智能网联公司
南京"
数据分析师,7-9K,南京·浦口区·泰山,"数据分析师
-K
1-3年
大专
宜宾九博信息技术
南京·浦口区·泰山"
双休+绩效薪酬主管（数据分析薪资可谈）,10-11K,南京·六合区·龙池,"双休+绩效薪酬主管（数据分析薪资可谈）
-K
3-5年
本科
富银印金半导体
南京·六合区·龙池"
大数据智能分析工程师,15-30K,未知,"大数据智能分析工程师
-K
1-3年
硕士
弋慧海
南京·江宁区·光华路"
大模型数据分析师,10-15K,未知,"大模型数据分析师
-K
3-5年
本科
花瓣云科技
南京·雨花台区·安德门"
数据分析(13薪双休+公积金全额),10-14K,未知,"数据分析(13薪双休+公积金全额)
-K·薪
1-3年
本科
中软国际
南京·雨花台区·安德门"
大数据分析助理,11-15K,南京·建邺区·江东,"大数据分析助理
-K
1年以内
大专
武汉智咻科技有限公司
南京·建邺区·江东"
数据分析师(电商双休),12-15K,未知,"数据分析师(电商双休)
-K·薪
1-3年
本科
猎宝网
南京·玄武区·徐庄软件园"
数据分析师（财务方向）,8-13K,未知,"数据分析师（财务方向）
-K
1-3年
大专
昊美科技
南京·鼓楼区·山西路"
数据分析师（居家办公）,15-20K,深圳市云构纪元科技,"数据分析师（居家办公）
-K
1-3年
本科
深圳市云构纪元科技
南京·秦淮区·长白街"
运营经理（用户增长/数据分析/产品运营）,10-15K,未知,"运营经理（用户增长/数据分析/产品运营）
-K
3-5年
大专
欣网互联
南京·鼓楼区·中央门"
数据分析师,13-20K,未知,"数据分析师
-K
3-5年
本科
武汉江雪科技有限...
南京·雨花台区·铁心桥"
AI应用开发(数据分析经验),12-20K,南京·浦口区·江浦,"AI应用开发(数据分析经验)
-K
3-5年
本科
元数智人工智能
南京·浦口区·江浦"
数据分析（包吃）,18-25K,南京·玄武区·红山,"数据分析（包吃）
-K
3-5年
本科
沃丰
南京·玄武区·红山"
外卖数据分析师,4-8K,未知,"外卖数据分析师
-K
1-3年
本科
淮安滴水穿石智能科技
南京·雨花台区·安德门"
数据分析师,5-8K,南京快舟科技,"数据分析师
-K
1-3年
大专
南京快舟科技
南京·玄武区·徐庄软件园"
数据分析师,7-12K,未知,"数据分析师
-K·薪
3-5年
本科
庆视互联
南京·雨花台区·安德门"
数据分析,10-15K,南京,"数据分析
-K·薪
1-3年
本科
某大型租赁公司
南京"
数据分析师（BASE：常州）,13-25K,未知,"数据分析师（BASE：常州）
-K
10年以上
硕士
鑫源融信
南京·玄武区·徐庄软件园"
财务数据分析师（周末双休+线上面试）,10-13K,未知,"财务数据分析师（周末双休+线上面试）
-K
3-5年
本科
纬创软件
南京·雨花台区·安德门"
商品规划（数据分析）,20-25K,南京,"商品规划（数据分析）
-K
5-10年
本科
某大型文化艺术公司
南京"
数据分析,11-18K,未知,"数据分析
-K·薪
3-5年
学历不限
京喜
南京·雨花台区·铁心桥"
数据分析师(电商),10-15K,未知,"数据分析师(电商)
-K
3-5年
本科
贝思母
南京·浦口区·弘阳广场"
大数据分析工程师,12-24K,未知,"大数据分析工程师
-K·薪
3-5年
本科
南京海康威视数字...
南京·江宁区·开发区"
数据分析师TEC25102901,15-20K,上海圣钧信息科技,"数据分析师TEC25102901
-K
1-3年
本科
上海圣钧信息科技
南京·江宁区·百家湖"
电商数据分析师,7-8K,南京巨象家居用品,"电商数据分析师
-K
1-3年
本科
南京巨象家居用品
南京·栖霞区·晓庄"
数据分析师,7-12K,南京,"数据分析师
-K
3-5年
本科
领秀
南京"
大数据分析师,15-25K,南京·建邺区·江东,"大数据分析师
-K
5-10年
本科
众丞科技
南京·建邺区·江东"
数据分析师,11-22K,上海星图金融服务,"数据分析师
-K
3-5年
本科
上海星图金融服务
南京·建邺区·江东"
数据分析师（市场）,22-40K,未知,"数据分析师（市场）
-K
3-5年
本科
SHEIN
南京·雨花台区·铁心桥"
BI分析师,12-20K,未知,"BI分析师
-K·薪
3-5年
本科
新康众
南京·建邺区·西善桥"
数据分析师,12-17K,未知,"数据分析师
-K
5-10年
本科
南京翼海云峰软件技术
南京·雨花台区·安德门"
高级数据分析工程师,12-24K,南京未创信息,"高级数据分析工程师
-K
5-10年
大专
南京未创信息
南京·玄武区·新街口"
市场数据分析师,10-15K,南京优越,"市场数据分析师
-K
5-10年
本科
南京优越
南京·建邺区·西善桥"
数据分析师（南京）,10-15K,数据分析师（南京）,"数据分析师（南京）
-K
3-5年
本科
昆仑互联
南京·雨花台区·安德门"
数据分析师,11-22K,未知,"数据分析师
-K
3-5年
本科
vivo
南京·雨花台区·小行"
数据分析师(J11990),15-25K,南京·秦淮区·红花,"数据分析师(J11990)
-K·薪
3-5年
本科
万辰集团
南京·秦淮区·红花"
数据分析师,12-18K,南京惠而康,"数据分析师
-K
3-5年
本科
南京惠而康
南京·建邺区·江东"
环境数据分析师,7-9K,南京·建邺区·中胜,"环境数据分析师
-K
1-3年
本科
德泽环保
南京·建邺区·中胜"
数据分析工程师,10-15K,苏州华为技术研发,"数据分析工程师
-K
1-3年
本科
苏州华为技术研发
南京"
财经分析师 可居家/高提成/低去重,20-40K,武汉春和景明,"财经分析师 可居家/高提成/低去重
-K
3-5年
本科
武汉春和景明
南京·秦淮区·长白街"
高级数据分析师（建模方向）,18-30K,南京·浦口区·沿江,"高级数据分析师（建模方向）
-K
3-5年
本科
Datakey
南京·浦口区·沿江"
数据分析师(电商)货控方向,7-11K,未知,"数据分析师(电商)货控方向
-K·薪
1-3年
本科
候鸟服饰
南京·浦口区·弘阳广场"
SFE 数据分析员,10-13K,未知,"SFE 数据分析员
-K
1-3年
本科
江苏先声再明医药
南京·玄武区·徐庄软件园"
数据分析师,9-14K,未知,"数据分析师
-K·薪
5-10年
本科
朗新科技集团
南京·鼓楼区·山西路"
数据分析助理（经验不限）,46K,未知,"数据分析助理（经验不限）
-K
1年以内
本科
Funlife
南京·雨花台区·安德门"
汽车电子测试（adas/智能座舱/数据分析）,18-22K,南京,"汽车电子测试（adas/智能座舱/数据分析）
-K
1-3年
大专
某大型汽车全价值链数智化服务公司
南京"
数据分析师（直播+短视频方向）,6-10K,未知,"数据分析师（直播+短视频方向）
-K
1-3年
学历不限
江苏校响文化传媒
南京·江宁区·百家湖"
大数据分析工程师,12-20K,南京·建邺区·奥体,"大数据分析工程师
-K
5-10年
本科
睿希科技
南京·建邺区·奥体"
数据分析师,6-11K,南京·建邺区·奥体,"数据分析师
-K
3-5年
大专
搜新智能
南京·建邺区·奥体"
数据分析师,12-20K,南京,"数据分析师
-K·薪
3-5年
本科
励达咨询
南京"
数据分析师（Digital Data Analyst）,10-15K,未知,"数据分析师（Digital Data Analyst）
-K
3-5年
本科
创数
南京·雨花台区·宁南"
数据分析师,12-15K,南京·溧水区·柘塘,"数据分析师
-K
1-3年
本科
江苏合一
南京·溧水区·柘塘"
大数据分析工程师,15-18K,未知,"大数据分析工程师
-K
3-5年
本科
江苏希地丰华项目管理
南京·雨花台区·安德门"
数据分析,8-9K,南京·建邺区·江东,"数据分析
-K
3-5年
大专
华苏科技
南京·建邺区·江东"
python数据分析师,11-14K,南京·建邺区·奥体,"python数据分析师
-K
5-10年
大专
新华三技术有限公司
南京·建邺区·奥体"
python数据分析师,15-20K,南京·江宁区·东山,"python数据分析师
-K
3-5年
本科
物媒码科技有限公司
南京·江宁区·东山"
数据分析师（双休）,10-15K,未知,"数据分析师（双休）
-K
3-5年
本科
纬创软件
南京·雨花台区·安德门"
大数据产品经理,15-22K,南京·溧水区·柘塘,"大数据产品经理
-K
5-10年
本科
江苏合一
南京·溧水区·柘塘"
助理数据分析师,10-15K,未知,"助理数据分析师
-K·薪
1-3年
本科
vivo
南京·雨花台区·小行"
数据分析师,5-10K,未知,"数据分析师
-K
1-3年
本科
风影科技
南京·浦口区·弘阳广场"
股票交易策略分析师,10-15K,南京·江宁区·东山,"股票交易策略分析师
-K
5-10年
本科
启泰安全
南京·江宁区·东山"
电芯体系大数据分析,30-45K,南京,"电芯体系大数据分析
-K·薪
1-3年
硕士
某大型知名新能源公司
南京"
数据分析师,11-22K,南京,"数据分析师
-K
3-5年
本科
多链互联
南京"
高级数据分析师,15-30K,未知,"高级数据分析师
-K·薪
5-10年
本科
南京凯唱软件有限公司
南京·玄武区·新街口"
高级数据分析师,12-17K,未知,"高级数据分析师
-K
3-5年
本科
Cupshe
南京·江宁区·岔路口"
数据分析岗,15-25K,南京,"数据分析岗
-K·薪
3-5年
本科
正大天晴
南京"
数据分析师,2-7K,未知,"数据分析师
-K
1年以内
本科
金心阳
南京·鼓楼区·湖南路"
大数据分析师,8-13K,南京基山,"大数据分析师
-K·薪
1年以内
本科
南京基山
南京·鼓楼区·山西路"
外汇分析师,20-40K,南京·栖霞区·尧化,"外汇分析师
-K
3-5年
本科
LOPAL
南京·栖霞区·尧化"
金融数据分析师,7-11K,未知,"金融数据分析师
-K
1-3年
本科
阿博茨科技
南京·雨花台区·安德门"
数据分析师,7-8K,未知,"数据分析师
-K
1-3年
本科
江苏易可家
南京·秦淮区·瑞金路"
高级项目经理 (数据挖掘/分析类项目),15-25K,未知,"高级项目经理 (数据挖掘/分析类项目)
-K
5-10年
本科
立趣
南京·秦淮区·新街口"
数据分析实施顾问,15-22K,未知,"数据分析实施顾问
-K·薪
3-5年
本科
南京国睿信维软件...
南京·雨花台区·安德门"
数据分析师,10-15K,未知,"数据分析师
-K
3-5年
本科
豪与杰电子科技
南京·鼓楼区·中央门"
数据分析师,10-13K,未知,"数据分析师
-K·薪
3-5年
本科
星烁信息
南京·江宁区·将军大道"
高级数据分析师,10-15K,南京·浦口区·江浦,"高级数据分析师
-K
1-3年
硕士
亿科人群健康研究院
南京·浦口区·江浦"
数据分析师,7-9K,南京领擎,"数据分析师
-K
3-5年
本科
南京领擎
南京"
数据分析师,56K,南京·建邺区·江东,"数据分析师
-K
1-3年
大专
刺豚文化
南京·建邺区·江东"
数据分析师,14-23K,南京,"数据分析师
-K
3-5年
本科
网眼信息技术
南京"
数据分析师,9-10K,未知,"数据分析师
-K
1-3年
本科
上海鲤哥咨询管理...
南京·建邺区·西善桥"
数据分析师,8-10K,南京新东方,"数据分析师
-K
1-3年
本科
南京新东方
南京·玄武区·丹凤街"
电商数据分析经理,6-8K,未知,"电商数据分析经理
-K
1-3年
学历不限
南京悟空供应链信...
南京·江宁区·竹山路沿线"
数据分析师,15-18K,南京华美美容医院,"数据分析师
-K
3-5年
本科
南京华美美容医院
南京·玄武区·新街口"
数据分析,8-12K,南京·建邺区·江东,"数据分析
-K·薪
1-3年
本科
南京圣都装饰有限公司
南京·建邺区·江东"
数据分析,6-11K,南京·浦口区·江浦,"数据分析
-K
1-3年
本科
谊品弘苏科技
南京·浦口区·江浦"
量化因子挖掘研究员（数据分析师）,20-40K,南京·建邺区·沙洲,"量化因子挖掘研究员（数据分析师）
-K
1-3年
硕士
江苏链集元宇宙研究院
南京·建邺区·沙洲"
数据分析师（工作地南京）,15-30K,未知,"数据分析师（工作地南京）
-K
3-5年
本科
北京中科聚信信息技术
南京·秦淮区·长白街"
数据分析专家,25-40K,南京·玄武区·红山,"数据分析专家
-K
5-10年
本科
南京博润蓝军网络科技
南京·玄武区·红山"
数据分析师（财务结算岗）,6-9K,未知,"数据分析师（财务结算岗）
-K
1-3年
本科
极兔速递
南京·江宁区·禄口机场"
数据分析师,10-15K,未知,"数据分析师
-K
1-3年
本科
北京趋享智能科技...
南京·秦淮区·夫子庙"
数据分析师,13-16K,未知,"数据分析师
-K
1-3年
本科
博彦科技承德有限公司
北京·海淀区·苏州桥"
数据分析师,25-50K,北京,"数据分析师
-K·薪
3-5年
本科
某大型已上市社交网络与媒体公司
北京"
高级数据分析师,40-50K,北京,"高级数据分析师
-K·薪
3-5年
本科
北京某中型互联网金融科技公司
北京"
数据分析师,25-30K,未知,"数据分析师
-K
1-3年
本科
小红书
北京·朝阳区·亚运村"
数据分析师,25-30K,北京,"数据分析师
-K·薪
3-5年
本科
某中型企业服务公司
北京"
数据分析师-[323074],8-12K,上海学获帮教育科技,"数据分析师-[323074]
-K
1年以内
本科
上海学获帮教育科技
北京·朝阳区·望京"
数据分析师,8-10K,北京·朝阳区·劲松,"数据分析师
-K
1-3年
本科
蜜熊科技
北京·朝阳区·劲松"
数据分析师,10-15K,北京·昌平区·沙河,"数据分析师
-K·薪
1-3年
本科
好未来
北京·昌平区·沙河"
数据分析师,20-30K,未知,"数据分析师
-K·薪
5-10年
本科
途家网
北京·海淀区·中关村"
数据分析师,15-25K,北京,"数据分析师
-K
3-5年
本科
玩娱互动
北京"
数据分析师,20-30K,未知,"数据分析师
-K
5-10年
本科
特斯拉 Tesla
北京·朝阳区·大望路"
数据分析师,6-10K,北京·昌平区·城南,"数据分析师
-K
3-5年
大专
高德地图
北京·昌平区·城南"
数据分析师,15-20K,北京,"数据分析师
-K
1-3年
本科
新涌激算
北京"
数据分析师,30-60K,北京,"数据分析师
-K·薪
3-5年
本科
某大型社交网络与媒体上市公司
北京"
数据分析师--自研,13-20K,版石软件(上海),"数据分析师--自研
-K
3-5年
本科
版石软件(上海)
北京·西城区·广安门"
高薪字节数据分析师（周末双休五险一金）,10-15K,北京,"高薪字节数据分析师（周末双休五险一金）
-K
1-3年
本科
帧尚文化
北京"
数据分析师,12-18K,北京·朝阳区·望京,"数据分析师
-K·薪
1-3年
本科
泡泡玛特POP MART
北京·朝阳区·望京"
数据分析师,11-22K,北京·丰台区·花乡,"数据分析师
-K·薪
5-10年
本科
南威软件
北京·丰台区·花乡"
数据分析师,15-30K,北京·海淀区·上地,"数据分析师
-K·薪
1-3年
本科
作业帮
北京·海淀区·上地"
数据分析师,8-13K,北京,"数据分析师
-K
3-5年
大专
中兵数字科技
北京"
数据分析师,30-50K,北京,"数据分析师
-K·薪
3-5年
本科
某大型社交网络与媒体上市公司
北京"
数据分析师,40-70K,北京,"数据分析师
-K·薪
5-10年
本科
阿里巴巴集团
北京"
数据分析师,12-24K,未知,"数据分析师
-K
1-3年
本科
德特赛维
北京·西城区·西直门"
数据分析师,15-30K,未知,"数据分析师
-K·薪
1-3年
本科
海底捞
北京·朝阳区·花家地"
财税数据分析师,8-10K,北京·怀柔区·庙城,"财税数据分析师
-K
1-3年
本科
灵数科技
北京·怀柔区·庙城"
信贷数据分析师-汽车金融类,15-20K,北京·朝阳区·双井,"信贷数据分析师-汽车金融类
-K
3-5年
本科
江苏银美数字科技
北京·朝阳区·双井"
数据分析师,15-30K,北京·通州区·次渠,"数据分析师
-K
5-10年
本科
长城汽车
北京·通州区·次渠"
数据分析师,7-10K,北京·朝阳区·望京,"数据分析师
-K·薪
3-5年
本科
两比特(北京)科...
北京·朝阳区·望京"
数据分析师（人民币方向）,10-15K,未知,"数据分析师（人民币方向）
-K
3-5年
本科
意讯无限
北京·朝阳区·亚运村"
数据分析师,9-11K,北京,"数据分析师
-K
3-5年
本科
博睿同信
北京"
数据分析师,24-35K,未知,"数据分析师
-K·薪
3-5年
本科
百度在线
北京·海淀区·西北旺"
中高级数据分析师,17-18K,北京·顺义区·光明,"中高级数据分析师
-K
3-5年
本科
易诚互动
北京·顺义区·光明"
数据分析师,30-50K,北京·大兴区·亦庄,"数据分析师
-K·薪
5-10年
本科
京东健康
北京·大兴区·亦庄"
数据分析师,20-40K,北京中铁建数智科技,"数据分析师
-K
5-10年
本科
北京中铁建数智科技
北京·石景山区·鲁谷"
外包数据分析师,7-8K,北京,"外包数据分析师
-K
1-3年
本科
百度
北京"
数据分析师,50-80K,北京·房山区·良乡,"数据分析师
-K·薪
3-5年
本科
北京中利博冠网络科技
北京·房山区·良乡"
资深数据分析师,30-60K,北京,"资深数据分析师
-K·薪
3-5年
本科
某大型知名互联网公司
北京"
数据分析师,20-35K,北京,"数据分析师
-K
3-5年
本科
某中型互联网内容平台公司
北京"
数据分析师,25-35K,北京,"数据分析师
-K·薪
3-5年
本科
某知名互联网公司
北京"
数据分析师（居家）,20-40K,北京,"数据分析师（居家）
-K
3-5年
本科
某小型互联网金融公司
北京"
数据分析师(电商),13-23K,北京·朝阳区·管庄,"数据分析师(电商)
-K
3-5年
大专
北京媚可美丽化妆...
北京·朝阳区·管庄"
数据分析师-汽车主机厂（base保定）,7-10K,北京·大兴区·亦庄,"数据分析师-汽车主机厂（base保定）
-K·薪
1-3年
本科
长城汽车
北京·大兴区·亦庄"
资深数据分析师,20-25K,北京,"资深数据分析师
-K
5-10年
本科
华润医药商业
北京"
数据分析师,12-18K,北京,"数据分析师
-K
1-3年
本科
空铁无忧
北京"
直播数据分析师,15-22K,未知,"直播数据分析师
-K
1-3年
本科
棉花史密斯
北京·朝阳区·三里屯"
中/高级数据分析师,15-25K,未知,"中/高级数据分析师
-K
3-5年
本科
植物医生
北京·西城区·西直门"
数据分析师,10-15K,未知,"数据分析师
-K
5-10年
本科
北京商务中心区信...
北京·朝阳区·大望路"
数据分析师,15-20K,北京·朝阳区·朝外,"数据分析师
-K
5-10年
本科
CheilPengTai
北京·朝阳区·朝外"
数据分析师,15-20K,未知,"数据分析师
-K
5-10年
本科
中译语通
北京·石景山区·苹果园"
数据分析师,15-18K,未知,"数据分析师
-K
3-5年
大专
btestsky
北京·昌平区·回龙观"
数据分析师,8-12K,北京·朝阳区·朝外,"数据分析师
-K
1-3年
本科
印橙科技
北京·朝阳区·朝外"
机票数据分析师,8-12K,未知,"机票数据分析师
-K
1-3年
本科
中旅途易旅游有限公司
北京·东城区·建国门内"
数据分析师,10-13K,未知,"数据分析师
-K·薪
1-3年
大专
中软国际
北京·石景山区·苹果园"
数据分析师,15-30K,北京万联易达科技,"数据分析师
-K·薪
5-10年
本科
北京万联易达科技
北京·朝阳区·酒仙桥"
数据分析师,15-25K,未知,"数据分析师
-K
3-5年
本科
天眼查
北京·海淀区·苏州桥"
数据分析师,8-12K,未知,"数据分析师
-K
3-5年
大专
上海至芫科技有限公司
北京·朝阳区·大望路"
数据分析师,15-20K,未知,"数据分析师
-K
3-5年
本科
智视数策
北京·海淀区·二里庄"
高级数据分析师,20-40K,北京·朝阳区·望京,"高级数据分析师
-K·薪
3-5年
本科
洋葱学园
北京·朝阳区·望京"
资深数据分析师(A116287),20-35K,未知,"资深数据分析师(A116287)
-K·薪
5-10年
本科
重流智能科技
北京·海淀区·学院路"
信用卡数据分析师,12-18K,北京·朝阳区·朝外,"信用卡数据分析师
-K
3-5年
本科
杰倍思信息技术咨...
北京·朝阳区·朝外"
资深数据分析师,30-60K,北京·朝阳区·望京,"资深数据分析师
-K
3-5年
本科
vivo
北京·朝阳区·望京"
国际外卖-资深数据分析师,40-50K,北京,"国际外卖-资深数据分析师
-K·薪
3-5年
本科
某大型互联网出行平台公司
北京"
数据分析岗（AI大模型应用及数据分析）,20-40K,北京,"数据分析岗（AI大模型应用及数据分析）
-K
3-5年
本科
某大型运营商/增值服务公司
北京"
数据分析师,25-35K,北京·朝阳区·望京,"数据分析师
-K·薪
5-10年
本科
嘀嗒出行
北京·朝阳区·望京"
资深数据分析师,40-70K,北京,"资深数据分析师
-K·薪
3-5年
本科
某大型知名互联网公司
北京"
高级数据分析师,20-25K,未知,"高级数据分析师
-K
5-10年
本科
灵狐科技
北京·海淀区·苏州桥"
数据分析师,12-14K,北京合正未来科技,"数据分析师
-K
3-5年
本科
北京合正未来科技
北京·海淀区·上地"
贷后数据分析师,20-30K,北京·朝阳区·望京,"贷后数据分析师
-K·薪
3-5年
本科
桔子数科
北京·朝阳区·望京"
数据分析师,8-12K,未知,"数据分析师
-K
1年以内
本科
北京声量传媒有限公司
北京·朝阳区·西坝河"
数据分析师,35-40K,北京,"数据分析师
-K
3-5年
本科
某大型互联网公司
北京"
数据分析师,9-12K,北京·海淀区·上地,"数据分析师
-K
1年以内
本科
chaindigg
北京·海淀区·上地"
数据分析师,18-35K,未知,"数据分析师
-K·薪
3-5年
本科
臻盛网络
北京·海淀区·学院路"
数据分析师（增⻓⽅向）,20-30K,北京·朝阳区·国贸,"数据分析师（增⻓⽅向）
-K
3-5年
本科
印象笔记
北京·朝阳区·国贸"
数据分析师,50-60K,北京,"数据分析师
-K·薪
3-5年
本科
某小型移动互联网公司
北京"
数据分析师,15-30K,未知,"数据分析师
-K
1-3年
本科
金史密斯科技股份...
北京·丰台区·科技园区"
数据分析师,15-20K,未知,"数据分析师
-K
1-3年
本科
马上赢市场调查
北京·朝阳区·三元桥"
高级数据分析师,20-40K,北京·朝阳区·望京,"高级数据分析师
-K·薪
3-5年
本科
数驱互动
北京·朝阳区·望京"
高级数据分析师(J18061),15-22K,北京,"高级数据分析师(J18061)
-K·薪
3-5年
本科
神州租车
北京"
经营数据分析师,18-35K,未知,"经营数据分析师
-K
3-5年
本科
闪电快车
北京·朝阳区·立水桥"
数据分析师,45-75K,北京·大兴区·亦庄,"数据分析师
-K·薪
5-10年
本科
京东物流-物流研发部
北京·大兴区·亦庄"
数据分析师,10-15K,北京·通州区·永顺,"数据分析师
-K
3-5年
本科
天启纵横
北京·通州区·永顺"
数据分析师,15-30K,北京·朝阳区·朝外,"数据分析师
-K
5-10年
本科
优赛恒创
北京·朝阳区·朝外"
高级数据分析师,15-25K,未知,"高级数据分析师
-K
5-10年
本科
龙盾数据
北京·海淀区·世纪城"
数据分析师,8-10K,未知,"数据分析师
-K
1-3年
本科
德国电信咨询
北京·朝阳区·农业展览馆"
高级数据分析师,25-35K,未知,"高级数据分析师
-K·薪
5-10年
本科
九号公司
北京·海淀区·西三旗"
资深数据分析师,25-50K,北京·朝阳区·四惠,"资深数据分析师
-K·薪
5-10年
本科
少年得到
北京·朝阳区·四惠"
风险数据分析师,20-35K,北京,"风险数据分析师
-K·薪
5-10年
本科
某大型互联网上市公司
北京"
数据分析师,15-25K,北京·朝阳区·望京,"数据分析师
-K
3-5年
本科
美术宝科技集团
北京·朝阳区·望京"
数据分析师 Data Analyst,20-40K,北京艾克索拉,"数据分析师 Data Analyst
-K
5-10年
本科
北京艾克索拉
北京·朝阳区·朝外"
数据分析师,7-8K,北京·朝阳区·劲松,"数据分析师
-K
1-3年
本科
绝味鸭脖
北京·朝阳区·劲松"
数据分析师（信贷）,15-28K,未知,"数据分析师（信贷）
-K·薪
3-5年
本科
金格方
北京·通州区·新华大街"
数据分析师,17-18K,北京·朝阳区·朝外,"数据分析师
-K
1-3年
本科
启明星岳
北京·朝阳区·朝外"
数据分析师,15-22K,北京·西城区·西单,"数据分析师
-K
5-10年
本科
启高科技
北京·西城区·西单"
数据分析师,9-14K,未知,"数据分析师
-K
1-3年
本科
青橙数码
北京·朝阳区·高碑店"
数据分析师,8-13K,未知,"数据分析师
-K
1-3年
本科
万山数据
北京·东城区·新世界"
数据分析师,20-40K,未知,"数据分析师
-K·薪
5-10年
本科
Sigmob
北京·海淀区·中关村"
数据分析师,12-13K,北京,"数据分析师
-K
1-3年
本科
鑫垣
北京"
数据分析师（外派约旦）,15-20K,未知,"数据分析师（外派约旦）
-K
1-3年
本科
VIPKID
北京·朝阳区·酒仙桥"
数据分析师,20-40K,北京·朝阳区·望京,"数据分析师
-K
3-5年
本科
美团
北京·朝阳区·望京"
python数据分析师,16-25K,北京,"python数据分析师
-K
3-5年
本科
北京某中型国际一流大数据公司
北京"
全域数据分析师,20-28K,未知,"全域数据分析师
-K
5-10年
本科
群邑中国
北京·东城区·灯市口"
数据分析师,25-50K,北京,"数据分析师
-K
5-10年
本科
某大型知名餐饮上市公司
北京"
高级市场经营数据分析师,15-25K,北京润溪堂品牌管理,"高级市场经营数据分析师
-K·薪
3-5年
本科
北京润溪堂品牌管理
北京·顺义区·天竺"
数据分析师,8-10K,未知,"数据分析师
-K
3-5年
本科
初玖餐饮
北京·丰台区·马家堡"
数据分析师,11-12K,北京·海淀区·上地,"数据分析师
-K
3-5年
本科
合正信达
北京·海淀区·上地"
数据分析师,20-35K,北京房懂懂科技,"数据分析师
-K
5-10年
本科
北京房懂懂科技
北京·通州区·马驹桥"
数据分析师,20-40K,北京·朝阳区·安贞,"数据分析师
-K·薪
3-5年
本科
瑞幸咖啡
北京·朝阳区·安贞"
连锁数据分析师,15-25K,北京新氧万维,"连锁数据分析师
-K·薪
1-3年
本科
北京新氧万维
北京·朝阳区·来广营"
数据分析师,8-13K,上海百信云健康科技,"数据分析师
-K·薪
1-3年
本科
上海百信云健康科技
北京"
数据分析师,10-15K,未知,"数据分析师
-K
3-5年
本科
诚益通
北京·海淀区·学院路"
数据分析师,5-10K,北京·房山区·长阳,"数据分析师
-K
1-3年
本科
策点管理咨询北京公司
北京·房山区·长阳"
智驾数据分析师,30-50K,未知,"智驾数据分析师
-K·薪
5-10年
本科
长安科技
北京·海淀区·中关村"
数据分析师,15-25K,北京·朝阳区·朝外,"数据分析师
-K
3-5年
本科
学大教育
北京·朝阳区·朝外"
数据分析师,20-40K,北京·西城区·马甸,"数据分析师
-K
5-10年
本科
教师研修网
北京·西城区·马甸"
数据分析师,10-15K,北京·海淀区·上地,"数据分析师
-K
3-5年
本科
应时管理咨询
北京·海淀区·上地"
风险数据分析师,15-16K,北京·丰台区·花乡,"风险数据分析师
-K
3-5年
本科
新龙嘉盛
北京·丰台区·花乡"
数据分析师,25-50K,北京·朝阳区·望京,"数据分析师
-K·薪
3-5年
本科
武汉幻萌无限网络科技
北京·朝阳区·望京"
数据分析师,10-15K,北京·东城区·天坛,"数据分析师
-K
5-10年
本科
CBC集团
北京·东城区·天坛"
高级数据分析师,20-35K,北京,"高级数据分析师
-K·薪
3-5年
本科
某大型大数据上市公司
北京"
数据分析师,12-18K,未知,"数据分析师
-K
1-3年
本科
博乐科技
北京·朝阳区·亚运村"
高级数据分析师,20-25K,北京银霖通科技,"高级数据分析师
-K
5-10年
本科
北京银霖通科技
北京·朝阳区·高碑店"
高级数据分析师（正式）,15-20K,未知,"高级数据分析师（正式）
-K
5-10年
本科
拓尔思
北京·海淀区·西三旗"
数据分析师,40-70K,未知,"数据分析师
-K·薪
5-10年
本科
今日头条
北京·海淀区·知春路"
数据分析师（北京）,10-14K,数据分析师（北京）,"数据分析师（北京）
-K
3-5年
本科
网达软件
北京·东城区·王府井"
数据分析师,18-25K,未知,"数据分析师
-K
5-10年
本科
中嘉新辰
北京·朝阳区·高碑店"
高级数据分析师(A127876),20-40K,北京·朝阳区·工体,"高级数据分析师(A127876)
-K·薪
3-5年
本科
爱奇艺
北京·朝阳区·工体"
公安行业数据分析师,20-25K,未知,"公安行业数据分析师
-K·薪
3-5年
本科
奇虎360
北京·朝阳区·798"
数据分析师-BI,9-14K,北京·朝阳区·望京,"数据分析师-BI
-K
3-5年
本科
北京优信优途信息科技
北京·朝阳区·望京"
高级数据分析师（模型）,40-60K,北京,"高级数据分析师（模型）
-K·薪
5-10年
本科
北京某中型大数据金融信息服务公司
北京"
数据分析师,11-22K,北京·朝阳区·朝外,"数据分析师
-K
3-5年
本科
中科链源
北京·朝阳区·朝外"
数据分析师,12-22K,未知,"数据分析师
-K
3-5年
本科
东软集团
北京·海淀区·西北旺"
用增数据分析师——移动产品,30-35K,未知,"用增数据分析师——移动产品
-K·薪
3-5年
本科
360集团
北京·朝阳区·酒仙桥"
医疗行业数据分析师,15-20K,未知,"医疗行业数据分析师
-K
3-5年
本科
健康通
北京·东城区·广渠门"
数据分析师,15-25K,北京·朝阳区·朝外,"数据分析师
-K
5-10年
本科
环球五湖留学
北京·朝阳区·朝外"
数据分析师,30-50K,未知,"数据分析师
-K·薪
5-10年
本科
小米
北京·海淀区·西二旗"
数据分析师（1-3年经验）,12-14K,北京·昌平区·百善,"数据分析师（1-3年经验）
-K
1-3年
本科
乐普医疗集团
北京·昌平区·百善"
数据分析师,16-28K,北京·大兴区·亦庄,"数据分析师
-K
3-5年
本科
北京中企动力跨境...
北京·大兴区·亦庄"
数据分析师10148,12-18K,北京·通州区·果园,"数据分析师10148
-K
3-5年
本科
乐成集团
北京·通州区·果园"
数据分析师,12-13K,上海韵舟国际物流,"数据分析师
-K
1-3年
本科
上海韵舟国际物流
北京·海淀区·上地"
数据分析师,13-18K,未知,"数据分析师
-K
3-5年
本科
北京钧天科技有限公司
北京·西城区·德胜门"
数据分析师,15-25K,北京·朝阳区·望京,"数据分析师
-K
5-10年
本科
迈志科技
北京·朝阳区·望京"
审计数据分析师,15-25K,未知,"审计数据分析师
-K
5-10年
本科
北京中友金审科技...
北京·西城区·金融街"
数据分析师,10-15K,未知,"数据分析师
-K
1-3年
本科
霏洛数据
北京·东城区·什刹海"
数据分析师（工作地郑州）,10-15K,未知,"数据分析师（工作地郑州）
-K
1-3年
本科
中科聚信
北京·海淀区·北下关"
高级数据分析师,15-30K,未知,"高级数据分析师
-K·薪
3-5年
本科
枫悦互动
北京·东城区·雍和宫"
人力资源招聘行业-数据分析师-20-30k-望京,20-30K,未知,"人力资源招聘行业-数据分析师-20-30k-望京
-K
5-10年
本科
百融睿达
北京·朝阳区·太阳宫"
数据分析师,15-20K,北京·朝阳区·望京,"数据分析师
-K·薪
3-5年
本科
同程旅行
北京·朝阳区·望京"
数据分析师,25-35K,北京·朝阳区·朝外,"数据分析师
-K·薪
3-5年
本科
德润星空
北京·朝阳区·朝外"
数据分析师-26年校招(A228735),15-30K,北京·朝阳区·工体,"数据分析师-26年校招(A228735)
-K
经验不限
本科
爱奇艺
北京·朝阳区·工体"
数据分析师（双休五险一金）,56K,深圳市盟迪奥,"数据分析师（双休五险一金）
-K
3-5年
大专
深圳市盟迪奥
深圳·龙岗区·大运"
数据分析师（物流供应链方向）,12-24K,未知,"数据分析师（物流供应链方向）
-K·薪
1-3年
本科
拼多多集团-PDD
深圳·南山区·科技园"
数据分析师（BI）,12-20K,深圳市榜样教育科技,"数据分析师（BI）
-K
3-5年
本科
深圳市榜样教育科技
深圳·龙岗区·平湖"
大数据数据分析师,15-25K,未知,"大数据数据分析师
-K
5-10年
本科
拓必达科技
深圳·盐田区·沙头角"
数据分析师,10-11K,深圳·宝安区·福永,"数据分析师
-K
1-3年
本科
清泉物流
深圳·宝安区·福永"
数据科学家-偏数据分析,35-65K,深圳,"数据科学家-偏数据分析
-K·薪
5-10年
本科
某中型电子商务母婴科技公司
深圳"
中级数据分析师,10-14K,未知,"中级数据分析师
-K
3-5年
大专
星普云
深圳·福田区·会展中心"
海外仓数据分析师,12-20K,深圳易可达科技,"海外仓数据分析师
-K
3-5年
本科
深圳易可达科技
深圳·龙岗区·坂田"
助理数据分析师 (双休+五险一金),8-12K,深圳,"助理数据分析师 (双休+五险一金)
-K
1-3年
本科
深圳市帝佳润软件技术
深圳"
数据分析,10-12K,深圳中升雷克萨斯,"数据分析
-K
1-3年
大专
深圳中升雷克萨斯
深圳·南山区·西丽"
跨境电商数据分析师（双休 近地铁 ）,6-10K,深圳·宝安区·固戍,"跨境电商数据分析师（双休 近地铁 ）
-K
1年以内
本科
斯诺格科技
深圳·宝安区·固戍"
数据分析师,4-7K,深圳·宝安区·福永,"数据分析师
-K
1-3年
大专
瓯源科技
深圳·宝安区·福永"
跨境电商数据分析师,15-20K,深圳·龙岗区·坂田,"跨境电商数据分析师
-K·薪
5-10年
大专
网一长意
深圳·龙岗区·坂田"
用户增长数据分析师,18-28K,深圳·龙华区·民治,"用户增长数据分析师
-K·薪
1-3年
本科
美团
深圳·龙华区·民治"
数据分析师-跨境电商,11-22K,深圳·龙华区·民治,"数据分析师-跨境电商
-K
3-5年
大专
飞铭达
深圳·龙华区·民治"
数据分析师,30-40K,未知,"数据分析师
-K
3-5年
本科
宇欣文化
深圳·南山区·科技园"
数据分析师,18-22K,深圳·福田区·梅林,"数据分析师
-K·薪
3-5年
本科
货拉拉科技
深圳·福田区·梅林"
数据分析师,20-30K,深圳梦捕星辰科技,"数据分析师
-K·薪
5-10年
本科
深圳梦捕星辰科技
深圳·宝安区·西乡"
数据分析-双休-面试快,10-15K,深圳·龙岗区·坂田,"数据分析-双休-面试快
-K
1-3年
本科
软通动力
深圳·龙岗区·坂田"
数据分析师（游戏）,15-25K,深圳,"数据分析师（游戏）
-K·薪
1-3年
本科
广州某中型移动互联网公司
深圳"
高级数据分析师（B2B国际市场 医疗健康行业,20-30K,深圳,"高级数据分析师（B2B国际市场 医疗健康行业
-K
3-5年
本科
某中型医疗器械公司
深圳"
数据分析师（京东/天猫）,10-15K,深圳·宝安区·石岩,"数据分析师（京东/天猫）
-K
1-3年
本科
安吉尔
深圳·宝安区·石岩"
经营数据分析师（餐饮）,18-35K,深圳·宝安区·西乡,"经营数据分析师（餐饮）
-K
5-10年
大专
醉得意
深圳·宝安区·西乡"
IT数据分析师,12-18K,深圳·龙华区·龙华,"IT数据分析师
-K
3-5年
大专
爱司科技
深圳·龙华区·龙华"
数据分析师 - 语音助手方向 (Android TV),25-35K,深圳,"数据分析师 - 语音助手方向 (Android TV)
-K
5-10年
本科
某大型互联网OTO平台公司
深圳"
数据分析师\大厂双休,15-25K,深圳,"数据分析师\大厂双休
-K
3-5年
本科
某大型国际移动出行平台公司
深圳"
python数据分析师(金融行业),10-15K,深圳,"python数据分析师(金融行业)
-K·薪
1-3年
本科
鲸驰寰宇
深圳"
数据分析师-AB test经验,14-27K,深圳·宝安区·西乡,"数据分析师-AB test经验
-K
5-10年
本科
德科信息有限公司
深圳·宝安区·西乡"
亚马逊需求计划专员/数据分析师/pmc专员,10-15K,深圳,"亚马逊需求计划专员/数据分析师/pmc专员
-K
1-3年
本科
粤易科技
深圳"
数据分析师（海外游戏广告投放方向）,10-15K,深圳·南山区·前海,"数据分析师（海外游戏广告投放方向）
-K
1-3年
大专
贪玩游戏
深圳·南山区·前海"
数据分析师,8-12K,深圳·龙岗区·坂田,"数据分析师
-K
1年以内
本科
巨鸣网络
深圳·龙岗区·坂田"
高级数据分析师-成本方向(深圳),35-65K,未知,"高级数据分析师-成本方向(深圳)
-K·薪
3-5年
本科
腾讯
深圳·南山区·科技园"
数据分析专员,8-12K,深圳,"数据分析专员
-K
1-3年
大专
方子文化
深圳"
oppo-数据分析师,20-40K,未知,"oppo-数据分析师
-K·薪
3-5年
本科
OPPO
深圳·南山区·科技园"
数据分析师（自研、双休）,17-30K,深圳·福田区·梅林,"数据分析师（自研、双休）
-K
3-5年
本科
立创商城
深圳·福田区·梅林"
数据分析,25-30K,深圳·龙华区·民治,"数据分析
-K·薪
1-3年
本科
艾麦物流
深圳·龙华区·民治"
数据分析师,10-11K,深圳市七空间网络,"数据分析师
-K·薪
1-3年
本科
深圳市七空间网络
深圳·宝安区·西乡"
跨境电商数据分析师 （双休）,11-20K,深圳,"跨境电商数据分析师 （双休）
-K
5-10年
大专
前海和盛
深圳"
数据分析师 / BI 负责人,10-15K,深圳,"数据分析师 / BI 负责人
-K
3-5年
本科
深圳聪石科技有限公司
深圳"
人力资源数据分析师,15-25K,深圳·龙岗区·岗头,"人力资源数据分析师
-K
5-10年
本科
几素科技
深圳·龙岗区·岗头"
数据分析师,8-10K,深圳市骏珑跨境贸易,"数据分析师
-K
1-3年
大专
深圳市骏珑跨境贸易
深圳·龙岗区·坂田"
数据分析师（约面快+长期稳定）,14-19K,深圳·罗湖区·东门,"数据分析师（约面快+长期稳定）
-K
5-10年
本科
长亮科技
深圳·罗湖区·东门"
支付数据分析师,20-30K,深圳零距信息科技,"支付数据分析师
-K
3-5年
本科
深圳零距信息科技
深圳·宝安区·西乡"
数据分析师（固定资产投资方向）,8-13K,深圳·龙岗区·南联,"数据分析师（固定资产投资方向）
-K
1-3年
本科
前海数据
深圳·龙岗区·南联"
海外业务数据分析师,20-40K,深圳,"海外业务数据分析师
-K
5-10年
本科
某大型知名移动互联网公司
深圳"
python数据分析师,8-11K,未知,"python数据分析师
-K
1-3年
本科
上海启宇科技有限公司
深圳·福田区·车公庙"
数据分析师,13-25K,未知,"数据分析师
-K
1-3年
本科
跨越速运
深圳·宝安区·宝安机场"
数据分析师（双休不调休）,15-30K,未知,"数据分析师（双休不调休）
-K·薪
1-3年
本科
深圳市凌豪量化数...
深圳·南山区·科技园"
数据分析师,8-9K,未知,"数据分析师
-K
1-3年
本科
乐达高志
深圳·福田区·车公庙"
数据分析总监,4-5K,深圳·龙华区·民治,"数据分析总监
-K
5-10年
本科
许昌龙祁
深圳·龙华区·民治"
深圳—数据分析师（推荐策略）,35-55K,未知,"深圳—数据分析师（推荐策略）
-K·薪
1-3年
本科
SHEIN
深圳·南山区·科技园"
资深数据分析师,15-30K,未知,"资深数据分析师
-K·薪
3-5年
本科
必凡娱乐
深圳·南山区·科技园"
数据分析师（双休早九晚六）,11-12K,深圳·龙华区·龙华,"数据分析师（双休早九晚六）
-K·薪
3-5年
本科
深圳市鸿源瑞投资企业
深圳·龙华区·龙华"
数据分析,7-8K,深圳市顶级视频设备,"数据分析
-K
1-3年
本科
深圳市顶级视频设备
深圳·龙华区·龙华"
数据分析师,12-17K,深圳西之月网络科技,"数据分析师
-K
3-5年
大专
深圳西之月网络科技
深圳·龙岗区·坂田"
Smart BI数据分析师 (工作地点：深圳),8-10K,深圳·龙岗区·坂田,"Smart BI数据分析师 (工作地点：深圳)
-K
1-3年
大专
光点科技
深圳·龙岗区·坂田"
数据分析师,12-20K,深圳·宝安区·西乡,"数据分析师
-K
3-5年
大专
广益鹏
深圳·宝安区·西乡"
数据分析师(海外仓),13-17K,未知,"数据分析师(海外仓)
-K·薪
5-10年
本科
开仓了
深圳·南山区·科技园"
高级数据分析师,30-60K,深圳·南山区·蛇口,"高级数据分析师
-K·薪
5-10年
本科
大宇无限
深圳·南山区·蛇口"
数据录入/数据分析,6-10K,深圳·宝安区·西乡,"数据录入/数据分析
-K
1-3年
本科
杭州瑞扬建筑工程设计
深圳·宝安区·西乡"
产业数据分析师,10-15K,深圳,"产业数据分析师
-K
3-5年
本科
深圳中科新工数字技术
深圳"
数据分析师,15-20K,深圳·罗湖区·东门,"数据分析师
-K
5-10年
本科
永旺资讯
深圳·罗湖区·东门"
数据分析师,12-20K,深圳·龙华区·民治,"数据分析师
-K
1-3年
大专
科汇兴科技有限公司
深圳·龙华区·民治"
高级数据分析师 & 数据分析专家,20-30K,深圳市开颜医疗器械,"高级数据分析师 & 数据分析专家
-K
5-10年
本科
深圳市开颜医疗器械
深圳"
数据分析师,10-15K,未知,"数据分析师
-K
3-5年
本科
德瑞时尚集团
深圳·南山区·科技园"
汽车销售数据分析,17-25K,深圳,"汽车销售数据分析
-K
3-5年
本科
某知名制造上市公司
深圳"
数据分析师/商业分析,12-18K,深圳·龙岗区·横岗,"数据分析师/商业分析
-K
3-5年
本科
深圳三可药业有限公司
深圳·龙岗区·横岗"
数据分析师--双休,8-10K,深圳·宝安区·福永,"数据分析师--双休
-K
3-5年
本科
亚信电竞
深圳·宝安区·福永"
数据分析师（公安行业）,13-23K,深圳·宝安区·西乡,"数据分析师（公安行业）
-K
3-5年
本科
安数
深圳·宝安区·西乡"
数据分析师（保险方向）,15-25K,深圳,"数据分析师（保险方向）
-K·薪
3-5年
本科
某大型互联网保险平台公司
深圳"
数据分析师（财务方向）,15-25K,深圳·龙华区·民治,"数据分析师（财务方向）
-K·薪
3-5年
本科
李森
深圳·龙华区·民治"
高级数据分析师(J10084),18-35K,未知,"高级数据分析师(J10084)
-K
5-10年
本科
速境生活科技
深圳·南山区·科技园"
数据分析师,8-12K,深圳·宝安区·西乡,"数据分析师
-K
3-5年
大专
八尺龙建设有限公司
深圳·宝安区·西乡"
数据分析师,15-20K,未知,"数据分析师
-K
5-10年
本科
维恩贝特
深圳·罗湖区·万象城"
资深数据分析师,25-50K,未知,"资深数据分析师
-K·薪
5-10年
本科
阿里巴巴集团
深圳·南山区·海岸城"
交易数据分析师,20-35K,深圳灵动,"交易数据分析师
-K
3-5年
本科
深圳灵动
深圳·南山区·后海"
数据分析师,10-15K,深圳市宽泊创想科技,"数据分析师
-K·薪
1-3年
本科
深圳市宽泊创想科技
深圳"
数据分析师,14-22K,深圳·光明区·光明,"数据分析师
-K
5-10年
本科
启高科技
深圳·光明区·光明"
数据分析师,25-35K,深圳,"数据分析师
-K
3-5年
本科
某大型智能硬件公司
深圳"
数据分析师,10-15K,深圳·龙华区·龙华,"数据分析师
-K
1-3年
大专
海目星激光
深圳·龙华区·龙华"
数据分析师,25-30K,深圳,"数据分析师
-K
10年以上
本科
某大型智能硬件公司
深圳"
数据分析师（外聘）,28-35K,未知,"数据分析师（外聘）
-K
5-10年
本科
维沃移动通信有限公司
深圳·宝安区·宝安中心区"
数据分析师,15-20K,深圳·龙岗区·坂田,"数据分析师
-K
3-5年
本科
梵高先生
深圳·龙岗区·坂田"
数据分析师,15-25K,深圳·龙华区·民治,"数据分析师
-K
1-3年
本科
深圳市五拾纪电子商务
深圳·龙华区·民治"
数据分析师,15-28K,深圳·宝安区·新安,"数据分析师
-K
3-5年
本科
千域时代
深圳·宝安区·新安"
数据分析师,25-30K,深圳,"数据分析师
-K·薪
5-10年
本科
深圳某大型家具/家电/家居公司
深圳"
数据分析,7-12K,未知,"数据分析
-K
1-3年
本科
CHLOSIO
深圳·福田区·车公庙"
双休跨境数据分析师（选品方向）,9-14K,深圳·龙华区·民治,"双休跨境数据分析师（选品方向）
-K
1-3年
本科
东舟科技
深圳·龙华区·民治"
高级数据分析师,15-25K,深圳·龙岗区·坂田,"高级数据分析师
-K
5-10年
本科
智汇创想
深圳·龙岗区·坂田"
抖音数据分析师,10-15K,深圳·宝安区·西乡,"抖音数据分析师
-K
1-3年
大专
新全汉
深圳·宝安区·西乡"
数据分析师,25-35K,深圳·南山区·南头,"数据分析师
-K
3-5年
本科
TCL实业
深圳·南山区·南头"
跨境电商高级数据分析师,20-30K,深圳惟高智能科技,"跨境电商高级数据分析师
-K·薪
5-10年
本科
深圳惟高智能科技
深圳·龙岗区·坂田"
新媒体数据分析师（双休/15薪）,15-25K,未知,"新媒体数据分析师（双休/15薪）
-K·薪
1-3年
本科
转转集团
深圳·福田区·车公庙"
数据分析师（买量投放）,25-40K,深圳,"数据分析师（买量投放）
-K
3-5年
本科
某大型通信及云网技术公司
深圳"
高级数据分析师（跨境双休大平台）,15-22K,深圳·龙岗区·坂田,"高级数据分析师（跨境双休大平台）
-K
1-3年
本科
亚飞电商
深圳·龙岗区·坂田"
高级数据分析师,20-30K,深圳·宝安区·西乡,"高级数据分析师
-K
5-10年
本科
万师傅
深圳·宝安区·西乡"
亚马逊数据分析师,7-10K,深圳·龙华区·民治,"亚马逊数据分析师
-K·薪
1-3年
大专
盖亚拓扑
深圳·龙华区·民治"
数据分析师,15-25K,深圳·龙华区·民治,"数据分析师
-K·薪
1-3年
本科
雷特科技
深圳·龙华区·民治"
跨境电商数据分析师,10-13K,广州比心新材料,"跨境电商数据分析师
-K
3-5年
本科
广州比心新材料
深圳·南山区·科技园"
数据分析师（电商消费类）,15-30K,深圳,"数据分析师（电商消费类）
-K
3-5年
本科
某大型智能硬件公司
深圳"
法律数据分析师,7-12K,深圳·宝安区·西乡,"法律数据分析师
-K·薪
1年以内
本科
华篆律所
深圳·宝安区·西乡"
数据分析师（影像/手机方向）,19-30K,深圳·宝安区·西乡,"数据分析师（影像/手机方向）
-K
3-5年
本科
芯知科技
深圳·宝安区·西乡"
数据分析师(海外游戏广告投放方向),10-15K,深圳·龙岗区·坂田,"数据分析师(海外游戏广告投放方向)
-K
1-3年
学历不限
焕新
深圳·龙岗区·坂田"
数据分析师,7-9K,杭州·滨江区·长河,"数据分析师
-K
1-3年
本科
北京外企德科人力...
杭州·滨江区·长河"
数据分析师·,8-13K,未知,"数据分析师·
-K
1年以内
本科
中农科技
杭州·钱塘区·工业园南"
数据分析师,10-15K,杭州·滨江区·长河,"数据分析师
-K
1-3年
大专
鹏智宏创
杭州·滨江区·长河"
行业数据分析师（可兼职可全职）,12-24K,杭州·余杭区·西溪,"行业数据分析师（可兼职可全职）
-K
5-10年
本科
智篆商业
杭州·余杭区·西溪"
资深数据分析师,30-35K,杭州,"资深数据分析师
-K
3-5年
本科
某大型互联网OTO平台公司
杭州"
杭州-数据分析,12-13K,杭州-数据分析,"杭州-数据分析
-K
3-5年
大专
比善数据
杭州·滨江区·长河"
数据分析师,25-50K,杭州,"数据分析师
-K
5-10年
本科
某大型互联网上市公司
杭州"
数据分析师,8-13K,未知,"数据分析师
-K
3-5年
本科
飞函科技
杭州·上城区·钱江新城"
数据分析统计员,5-8K,未知,"数据分析统计员
-K
1-3年
大专
甜甜龙小妹
杭州·钱塘区·和达东东城"
阿里巴巴-数据分析师-杭州,20-40K,杭州·余杭区·仓前,"阿里巴巴-数据分析师-杭州
-K·薪
1年以内
本科
阿里巴巴集团
杭州·余杭区·仓前"
数据分析师,11-22K,杭州·余杭区·仓前,"数据分析师
-K
3-5年
本科
AskTable
杭州·余杭区·仓前"
数据分析(可接受25届同学),12-18K,杭州·滨江区·长河,"数据分析(可接受25届同学)
-K·薪
1-3年
本科
汉堂
杭州·滨江区·长河"
链上数据分析师,10-15K,杭州阿久文化传媒,"链上数据分析师
-K
3-5年
大专
杭州阿久文化传媒
杭州"
高级数据分析专家（后台）,40-70K,杭州海浪网络科技,"高级数据分析专家（后台）
-K·薪
5-10年
本科
杭州海浪网络科技
杭州"
经营数据分析师,20-28K,杭州·滨江区·长河,"经营数据分析师
-K·薪
3-5年
本科
椰子壳
杭州·滨江区·长河"
数据分析师,8-12K,杭州,"数据分析师
-K
3-5年
本科
匡氏纺织
杭州"
数据分析师,20-35K,杭州·滨江区·长河,"数据分析师
-K
1-3年
本科
阿里巴巴集团
杭州·滨江区·长河"
服装数据分析师,10-14K,杭州·临平区·乔司,"服装数据分析师
-K
1-3年
大专
湖南天逸品牌管理
杭州·临平区·乔司"
数据分析师【短剧】,18-25K,杭州容量互娱科技,"数据分析师【短剧】
-K
3-5年
大专
杭州容量互娱科技
杭州·西湖区·西溪"
数据分析师,8-10K,武汉,"数据分析师
-K
1年以内
学历不限
湖北楚和文化传媒
武汉"
数据分析,10-15K,武汉·洪山区·南湖,"数据分析
-K
1-3年
大专
滴滴出行
武汉·洪山区·南湖"
数据分析师,8-10K,未知,"数据分析师
-K
1-3年
本科
湖北星空野望
武汉·硚口区·汉正街"
大数据分析师,8-13K,未知,"大数据分析师
-K
1年以内
本科
河南策珏汽车科技
武汉·洪山区·卓刀泉"
数据分析师（实习也可以）,15-20K,武汉·蔡甸区·沌口,"数据分析师（实习也可以）
-K·薪
1-3年
本科
东风汽车
武汉·蔡甸区·沌口"
数据分析,12-17K,武汉·洪山区·关山,"数据分析
-K
3-5年
本科
博彦科技承德有限公司
武汉·洪山区·关山"
数据产品经理（数据分析＋线上面试）,14-17K,未知,"数据产品经理（数据分析＋线上面试）
-K
5-10年
大专
柯莱特集团
武汉·东西湖区·走马岭"
金融数据分析师,11-20K,武汉易点科技,"金融数据分析师
-K
1-3年
学历不限
武汉易点科技
武汉·洪山区·关山"
数据分析统计员【底薪7000+双休+五险一金】,7-12K,武汉游谦文化传媒,"数据分析统计员【底薪7000+双休+五险一金】
-K
1-3年
本科
武汉游谦文化传媒
武汉·洪山区·光谷东"
数据分析师 五险一金 周末双休,7-8K,武汉·汉阳区·四新,"数据分析师 五险一金 周末双休
-K
3-5年
本科
湖北华鼎团膳
武汉·汉阳区·四新"
财经分析师,16-24K,武汉·硚口区·古田,"财经分析师
-K
1-3年
大专
霍邱县尚贤网络工作室
武汉·硚口区·古田"
VBA数据分析师,7-10K,未知,"VBA数据分析师
-K
1-3年
本科
湖北宏琛阳律师事务所
武汉·硚口区·硚口路"
数据分析师（接受无经验+带教培训）,10-15K,未知,"数据分析师（接受无经验+带教培训）
-K·薪
1年以内
本科
宁波谨恒进出口
武汉·武昌区·武珞路"
初中级数据分析师,11-20K,未知,"初中级数据分析师
-K·薪
1-3年
本科
微派
武汉·洪山区·光谷东"
数据分析师（教培方向）双休/六险一金,10-15K,武汉·洪山区·关山,"数据分析师（教培方向）双休/六险一金
-K
1-3年
本科
高途
武汉·洪山区·关山"
数据分析师（熟悉golang）+双休+五险一金,8-13K,未知,"数据分析师（熟悉golang）+双休+五险一金
-K
1-3年
本科
哈哈零兽
武汉·江夏区·藏龙岛"
大数据分析师助理,10-13K,未知,"大数据分析师助理
-K
1-3年
大专
武汉智咻科技有限公司
武汉·硚口区·汉正街"
大数据分析师,8-12K,武汉·洪山区·关山,"大数据分析师
-K
1-3年
本科
安徽顺权汽车科技
武汉·洪山区·关山"
数据分析助理（底线7.5K+绩效+双休）,7-8K,未知,"数据分析助理（底线7.5K+绩效+双休）
-K·薪
1-3年
大专
黑岩企业管理咨询
武汉·武昌区·积玉桥"
数据分析师,5-6K,武汉,"数据分析师
-K·薪
1-3年
大专
京东物流-华中区域
武汉"
数据分析师,6-10K,武汉·江夏区·流芳,"数据分析师
-K
1-3年
大专
华宇扬
武汉·江夏区·流芳"
大数据分析师,12-15K,未知,"大数据分析师
-K
3-5年
本科
云时空智联科技
武汉·武昌区·积玉桥"
跨境电商数据分析师/入职五险一金/年终奖,8-12K,武汉·江夏区·光谷,"跨境电商数据分析师/入职五险一金/年终奖
-K
经验不限
本科
寰球云联
武汉·江夏区·光谷"
数据分析序列工程师岗-武汉,30-45K,武汉,"数据分析序列工程师岗-武汉
-K
5-10年
本科
民生科技有限责任公司
武汉"
电商财务BP/财务分析/数据分析师,8-13K,武汉,"电商财务BP/财务分析/数据分析师
-K
3-5年
本科
万派网络
武汉"
外贸数据分析员,68K,武汉·江夏区·流芳,"外贸数据分析员
-K
5-10年
大专
泰吉亨
武汉·江夏区·流芳"
数据分析师（服饰电商）,5-8K,未知,"数据分析师（服饰电商）
-K
3-5年
大专
煜石电商
武汉·江夏区·武汉东湖高新区"
数据统计分析师（六险一金）,10-15K,未知,"数据统计分析师（六险一金）
-K
1-3年
本科
大水云科技
武汉·洪山区·街道口"
动力电池大数据应用分析 (MJ000216),15-26K,未知,"动力电池大数据应用分析 (MJ000216)
-K
3-5年
本科
岚图汽车
武汉·汉阳区·琴断口"
股票公众号数据分析,68K,深圳市酉米投资咨询,"股票公众号数据分析
-K
1-3年
大专
深圳市酉米投资咨询
武汉·江夏区·流芳"
bi数据分析师|双休！！！！,6-8K,武汉·江夏区·流芳,"bi数据分析师|双休！！！！
-K
1年以内
学历不限
湖北方塘科技有限公司
武汉·江夏区·流芳"
数据分析师,15-25K,未知,"数据分析师
-K·薪
3-5年
本科
湖南佳宜企业管理
武汉·武昌区·积玉桥"
急招商品数据分析师12K+五险+早9晚6,12-16K,武汉,"急招商品数据分析师12K+五险+早9晚6
-K
5-10年
学历不限
创行梦
武汉"
双休+入职社保 数据分析师,10-15K,未知,"双休+入职社保 数据分析师
-K
1-3年
本科
动力家族亲子游乐
武汉·洪山区·卓刀泉"
数据分析师,10-11K,武汉泓强大药房公司,"数据分析师
-K
1-3年
学历不限
武汉泓强大药房公司
武汉"
数据分析师（电商方向）,8-13K,未知,"数据分析师（电商方向）
-K
3-5年
大专
桦川电商
武汉·洪山区·珞狮南路"
AI工程师（自动化/数据分析方向）,20-35K,未知,"AI工程师（自动化/数据分析方向）
-K
3-5年
本科
中一科技股份有限公司
武汉·东西湖区·常青"
资深大数据分析师,15-22K,未知,"资深大数据分析师
-K
5-10年
本科
星河智源
武汉·洪山区·光谷东"
数据分析,56K,未知,"数据分析
-K
1年以内
大专
联翰电力
武汉·洪山区·白沙洲"
算法数据分析师,14-20K,武汉·黄陂区·滠口,"算法数据分析师
-K
3-5年
本科
瑞天欣实
武汉·黄陂区·滠口"
数据分析师-在线教育-双休-五险一金,15-30K,武汉·洪山区·关山,"数据分析师-在线教育-双休-五险一金
-K
1-3年
本科
学程思远
武汉·洪山区·关山"
python数据分析师,8-13K,武汉市易亿网络科技,"python数据分析师
-K
3-5年
本科
武汉市易亿网络科技
武汉·武昌区·武泰闸"
业务数据分析负责人,8-12K,武汉云证通商务咨询,"业务数据分析负责人
-K
3-5年
大专
武汉云证通商务咨询
武汉·洪山区·珞珈山"
计划数据分析师,9-14K,武汉·洪山区·南湖,"计划数据分析师
-K
3-5年
本科
易佰网络
武汉·洪山区·南湖"
数据分析,8-13K,未知,"数据分析
-K
3-5年
本科
久久同行
武汉·汉阳区·王家湾"
贷后数据分析师/五险一金/周末双休/9-12K,9-12K,武汉·江夏区·流芳,"贷后数据分析师/五险一金/周末双休/9-12K
-K
1-3年
本科
宇耀煜辉科技有限公司
武汉·江夏区·流芳"
数据分析师,56K,北京思迈特,"数据分析师
-K
1-3年
大专
北京思迈特
武汉·洪山区·厂前"
电商数据分析-外企-不加班-双休,6-7K,广州欢创,"电商数据分析-外企-不加班-双休
-K
1-3年
本科
广州欢创
武汉·武昌区·积玉桥"
BMS大数据应用分析,30-60K,武汉,"BMS大数据应用分析
-K·薪
5-10年
本科
某大型新能源汽车公司
武汉"
舆情分析师,6-9K,武汉,"舆情分析师
-K
1-3年
本科
红海轻舟文化传媒
武汉"
大数据分析助理,10-13K,武汉皓讯网络科技,"大数据分析助理
-K
1-3年
本科
武汉皓讯网络科技
武汉·汉阳区·钟家村"
数据分析（广告）,8-12K,未知,"数据分析（广告）
-K
1-3年
大专
联想利泰
武汉·洪山区·珞狮南路"
数据分析师,10-15K,未知,"数据分析师
-K
5-10年
本科
智配库
武汉·东西湖区·吴家山"
动力电池大数据应用分析,18-30K,武汉,"动力电池大数据应用分析
-K·薪
3-5年
本科
某大型汽车研发/制造上市公司
武汉"
网络安全数据分析师,15-30K,未知,"网络安全数据分析师
-K
5-10年
本科
恒安嘉新
武汉·东西湖区·径河"
股票分析师+双休+到点走,7-8K,武汉·江夏区·流芳,"股票分析师+双休+到点走
-K
3-5年
大专
湖北开景房地产经纪
武汉·江夏区·流芳"
数据分析,20-40K,武汉,"数据分析
-K
5-10年
本科
某中型汽车研发及制造公司
武汉"
数据分析师,15-30K,武汉,"数据分析师
-K
3-5年
本科
某大型工程施工国企公司
武汉"
大数据分析师,20-21K,武汉·洪山区·关山,"大数据分析师
-K
1-3年
硕士
海南闵悦文化传媒
武汉·洪山区·关山"
python数据分析师,10-14K,未知,"python数据分析师
-K
3-5年
大专
微视长信
武汉·汉阳区·王家湾"
数据分析师+双休+五险一金,8-13K,未知,"数据分析师+双休+五险一金
-K
1-3年
本科
联信智融
武汉·江汉区·西北湖"
海外游戏数据分析师,25-50K,未知,"海外游戏数据分析师
-K
5-10年
本科
浙江腾瞬科技有限公司
武汉·洪山区·珞狮南路"
大数据分析专家,30-60K,武汉,"大数据分析专家
-K
5-10年
本科
某大型汽车研发制造公司
武汉"
高级数据分析师 (MJ000249),13-25K,未知,"高级数据分析师 (MJ000249)
-K
5-10年
本科
精臣
武汉·洪山区·珞狮南路"
腾讯系数据分析,7-12K,未知,"腾讯系数据分析
-K
1-3年
大专
朗江号茶业
武汉·洪山区·珞狮南路"
数据分析师,30-50K,武汉·江汉区·常青,"数据分析师
-K·薪
5-10年
本科
京东集团
武汉·江汉区·常青"
大数据需求分析工程师,17-20K,武汉·汉阳区·四新,"大数据需求分析工程师
-K·薪
5-10年
本科
微创光电
武汉·汉阳区·四新"
抖音罗盘数据分析师（海尔直招）,12-18K,武汉星睿创客传媒,"抖音罗盘数据分析师（海尔直招）
-K
1-3年
本科
武汉星睿创客传媒
武汉·江汉区·常青"
大数据和人工智能需求分析工程师,9-13K,未知,"大数据和人工智能需求分析工程师
-K·薪
5-10年
本科
深圳瑞莱保核能技...
武汉·江夏区·光谷东"
数据分析师（急聘+双休）,6-10K,未知,"数据分析师（急聘+双休）
-K·薪
1年以内
大专
行思合众
武汉·硚口区·武胜路"
数据分析师,15-25K,武汉,"数据分析师
-K
3-5年
本科
某大型医疗器械上市公司
武汉"
腾讯云智-数据分析（武汉）,20-25K,武汉·江夏区·纸坊,"腾讯云智-数据分析（武汉）
-K·薪
3-5年
本科
腾讯
武汉·江夏区·纸坊"
数据分析工程师（武汉双休）,10-14K,未知,"数据分析工程师（武汉双休）
-K
3-5年
本科
软通动力
武汉·洪山区·光谷东"
电商数据分析师,5-10K,武汉凯丽购科技,"电商数据分析师
-K·薪
1-3年
大专
武汉凯丽购科技
武汉·洪山区·卓刀泉"
数据分析师,8-12K,未知,"数据分析师
-K
1-3年
大专
众志未来策划管理
武汉·武昌区·中北路"
数据分析师,20-40K,武汉·江夏区·流芳,"数据分析师
-K·薪
5-10年
本科
金山办公软件
武汉·江夏区·流芳"
物流数据分析专员,8-10K,未知,"物流数据分析专员
-K
1-3年
本科
荣庆国际储运
武汉·东西湖区·走马岭"
数据分析,4-7K,未知,"数据分析
-K
1-3年
大专
百果园
武汉·汉阳区·琴断口"
数据分析师（长期出差）,13-20K,杭州,"数据分析师（长期出差）
-K
3-5年
本科
中科聚信
杭州"
数据分析师（应届生可投）,9-14K,未知,"数据分析师（应届生可投）
-K·薪
1-3年
本科
函子科技
杭州·萧山区·钱江世纪城"
数据分析师（食品-双休）,8-10K,杭州·临平区·九堡,"数据分析师（食品-双休）
-K
1-3年
大专
轩妈食品
杭州·临平区·九堡"
数据分析师,15-25K,未知,"数据分析师
-K
5-10年
本科
顾家家居
杭州·上城区·火车东站"
数据分析师（本地生活业务）,15-25K,未知,"数据分析师（本地生活业务）
-K
5-10年
大专
小蚕
杭州·钱塘区·和达东东城"
数据分析师助理,5-7K,杭州·西湖区·转塘,"数据分析师助理
-K·薪
1-3年
中专/中技
朗路检测
杭州·西湖区·转塘"
数据分析-用户,20-25K,杭州,"数据分析-用户
-K
1-3年
本科
某大型互联网科技上市公司
杭州"
数据分析师,11-12K,未知,"数据分析师
-K
3-5年
大专
上海如是纵横信息系统
杭州·钱塘区·工业园南"
数据分析师,20-40K,杭州·滨江区·长河,"数据分析师
-K
10年以上
本科
宁波知行合一
杭州·滨江区·长河"
管培生（数据分析方向 、接受应届生）,6-11K,未知,"管培生（数据分析方向 、接受应届生）
-K
1-3年
本科
优选生活
杭州·钱塘区·金沙湖"
数据分析师(J10200),11-20K,杭州·西湖区·西溪,"数据分析师(J10200)
-K
1-3年
本科
有赞
杭州·西湖区·西溪"
【急招】资产数据分析师,8-12K,杭州·萧山区·西兴,"【急招】资产数据分析师
-K
1-3年
本科
獭獭汽车
杭州·萧山区·西兴"
数据分析师（BI）,20-35K,杭州,"数据分析师（BI）
-K·薪
5-10年
本科
重庆某大型跨区域互联网内容与科技公司
杭州"
数据分析师,10-15K,深圳数绘星云科技,"数据分析师
-K
1-3年
本科
深圳数绘星云科技
杭州·钱塘区·工业园南"
数据分析师,8-9K,杭州·萧山区·西兴,"数据分析师
-K
1-3年
本科
温州果列文化传媒
杭州·萧山区·西兴"
数据分析师,10-14K,杭州·西湖区·三墩,"数据分析师
-K
3-5年
本科
信动未来
杭州·西湖区·三墩"
数据分析师,9-10K,杭州·临平区·乔司,"数据分析师
-K
3-5年
大专
阿雪家
杭州·临平区·乔司"
数据分析师【base无锡上班】,11-12K,杭州·萧山区·西兴,"数据分析师【base无锡上班】
-K
3-5年
大专
法本
杭州·萧山区·西兴"
淘宝闪购-数据分析-南方大区-杭州,20-40K,杭州·余杭区·仓前,"淘宝闪购-数据分析-南方大区-杭州
-K
3-5年
本科
淘宝闪购
杭州·余杭区·仓前"
数据分析师,20-25K,杭州,"数据分析师
-K
3-5年
本科
宁波某中型电子商务公司
杭州"
电商市场专员-数据分析,10-15K,杭州·滨江区·长河,"电商市场专员-数据分析
-K
3-5年
本科
优加易达
杭州·滨江区·长河"
实习生/初级/中级数据分析师,9-14K,未知,"实习生/初级/中级数据分析师
-K
1-3年
本科
剧星传媒
杭州·拱墅区·湖墅南路"
数据分析师（亚马逊平台）,15-30K,杭州万纵,"数据分析师（亚马逊平台）
-K·薪
5-10年
本科
杭州万纵
杭州·余杭区·仓前"
数据分析师（电商策略）,15-30K,杭州·滨江区·长河,"数据分析师（电商策略）
-K·薪
5-10年
本科
网易
杭州·滨江区·长河"
数据分析师,15-30K,未知,"数据分析师
-K
3-5年
本科
糖友饱饱
杭州·钱塘区·工业园南"
数据分析师,13-15K,杭州·上城区·九堡,"数据分析师
-K
3-5年
本科
HelloSunny
杭州·上城区·九堡"
数据分析师,10-11K,杭州,"数据分析师
-K
1-3年
大专
亚厉轩
杭州"
高级/资深数据分析师,15-30K,杭州·临平区·东湖,"高级/资深数据分析师
-K·薪
3-5年
本科
畅读
杭州·临平区·东湖"
数据分析师,10-11K,杭州猫儿数科技,"数据分析师
-K
1-3年
本科
杭州猫儿数科技
杭州·滨江区·长河"
数据分析专员（下午茶/双休）,7-11K,未知,"数据分析专员（下午茶/双休）
-K
1-3年
本科
杭州捌叁陆伊信息技术
杭州·拱墅区·拱宸桥"
营销数据分析师,11-15K,杭州,"营销数据分析师
-K
3-5年
大专
奥仕利创餐饮
杭州"
跨境电商数据分析师,17-22K,杭州·萧山区·宁围,"跨境电商数据分析师
-K
3-5年
本科
浩远科博
杭州·萧山区·宁围"
python数据分析师,10-13K,杭州·滨江区·浦沿,"python数据分析师
-K
1-3年
本科
杭州荣安科技有限公司
杭州·滨江区·浦沿"
Power BI数据分析师（天猫家电稳定增长）,11-18K,杭州长锦企业管理,"Power BI数据分析师（天猫家电稳定增长）
-K
1-3年
本科
杭州长锦企业管理
杭州·西湖区·西溪"
策略数据分析师,10-15K,杭州·余杭区·五常,"策略数据分析师
-K·薪
1-3年
大专
分子优联
杭州·余杭区·五常"
数据分析师（线下门店数据）,8-13K,杭州,"数据分析师（线下门店数据）
-K·薪
5-10年
大专
快鱼服饰有限公司
杭州"
高级数据分析师,40-60K,杭州·余杭区·五常,"高级数据分析师
-K
5-10年
本科
vivo
杭州·余杭区·五常"
数据分析专员,7-9K,杭州·滨江区·长河,"数据分析专员
-K
1-3年
本科
珍视明
杭州·滨江区·长河"
资深数据分析师,30-50K,杭州,"资深数据分析师
-K·薪
3-5年
本科
某大型知名互联网公司
杭州"
数据分析师（驻场银行-长期稳定）,20-25K,未知,"数据分析师（驻场银行-长期稳定）
-K
5-10年
本科
长亮科技
杭州·萧山区·钱江世纪城"
python数据分析工程师,12-20K,未知,"python数据分析工程师
-K
3-5年
本科
中电金信
杭州·萧山区·钱江世纪城"
数据分析专家,25-50K,杭州,"数据分析专家
-K
5-10年
本科
某大型互联网科技上市公司
杭州"
数据分析师,13-16K,未知,"数据分析师
-K·薪
3-5年
本科
糕诺
杭州·余杭区·未来科技城"
服装数据分析师,10-15K,杭州·萧山区·西兴,"服装数据分析师
-K
3-5年
大专
汝星
杭州·萧山区·西兴"
数据分析【BI】,10-15K,杭州·余杭区·仓前,"数据分析【BI】
-K·薪
1-3年
本科
笑骏
杭州·余杭区·仓前"
Power BI数据分析师(天猫家电头部增长）,11-20K,杭州·西湖区·西溪,"Power BI数据分析师(天猫家电头部增长）
-K·薪
1-3年
本科
杭州新佰商贸有限公司
杭州·西湖区·西溪"
数据分析师（潮玩）,20-21K,杭州,"数据分析师（潮玩）
-K
3-5年
本科
某头部玩具礼品公司
杭州"
数据分析师,8-12K,杭州·西湖区·古荡,"数据分析师
-K·薪
经验不限
本科
年糕妈妈
杭州·西湖区·古荡"
数据分析师（base杭州）,30-45K,杭州·西湖区·西溪,"数据分析师（base杭州）
-K·薪
5-10年
本科
滴滴
杭州·西湖区·西溪"
数据分析,6-9K,未知,"数据分析
-K
1-3年
大专
诺梵巧克力
杭州·余杭区·金家渡"
数据分析专家（电商）,15-20K,杭州壹网壹创,"数据分析专家（电商）
-K
1-3年
大专
杭州壹网壹创
杭州·钱塘区·和达东东城"
数据分析师,10-11K,未知,"数据分析师
-K
1-3年
本科
福瑞迪
杭州·上城区·四季青"
高级数据分析,30-50K,杭州,"高级数据分析
-K·薪
3-5年
本科
某大型互联网科技上市公司
杭州"
数据分析师（电力电网行业）,13-18K,杭州·余杭区·仓前,"数据分析师（电力电网行业）
-K
5-10年
本科
佰聆数据
杭州·余杭区·仓前"
数据分析师（电商方向）,14-20K,杭州·西湖区·西溪,"数据分析师（电商方向）
-K·薪
5-10年
本科
三摩羯
杭州·西湖区·西溪"
高级数据分析师(J10003),18-24K,杭州·萧山区·西兴,"高级数据分析师(J10003)
-K
3-5年
本科
拼便宜
杭州·萧山区·西兴"
数据分析&销售支持,11-15K,南京滕亚,"数据分析&销售支持
-K
3-5年
本科
南京滕亚
杭州·余杭区·仓前"
数据分析线上培训讲师（可兼职）,15-30K,杭州多多洛科技,"数据分析线上培训讲师（可兼职）
-K·薪
5-10年
本科
杭州多多洛科技
杭州·上城区·四季青"
用户数据分析师,56K,上海葳尔诺新能源,"用户数据分析师
-K
1年以内
大专
上海葳尔诺新能源
杭州·西湖区·西溪"
数据分析/AI管培生（2个方向）,8-12K,海鸿达(北京),"数据分析/AI管培生（2个方向）
-K
1年以内
本科
海鸿达(北京)
杭州·上城区·五堡"
